name,occurrence,file_names,date
DB_HOST,0,,
DB_NAME,0,,
DB_USERNAME,0,,
DB_PASSWORD,0,,
SECRET_KEY,,,
v0ubhkxhzvlq51ko,,,
CSFR_ENABLED,,,
OAUTH2_SUPER_USER_PASSWORD,,,
OAUTH2_SUPER_USER,,,
OAUTH2_SUPER_USER_EMAIL,,,
WTF_CSRF_ENABLED,,,
SECRET_KEY,,,
SECURITY_USER_NAME,,,
SECURITY_USER_PASSWORD,,,
JWT_ALGORITHM,,,
JWT_SECRET,,,
RAS_FRONTSTAGE_CLIENT_ID,,,
RAS_FRONTSTAGE_CLIENT_PASSWORD,,,
VALIDATE_JWT,,,
GOOGLE_ANALYTICS,,,
RM_CASE_SERVICE_PROTOCOL,,,
RM_CASE_SERVICE_HOST,,,
RM_CASE_SERVICE_PORT,,,
RAS_COLLECTION_INSTRUMENT_PROTOCOL,,,
RAS_COLLECTION_INSTRUMENT_HOST,,,
RAS_COLLECTION_INSTRUMENT_PORT,,,
RAS_API_GATEWAY_SERVICE_PROTOCOL,,,
RM_IAC_SERVICE_PROTOCOL,,,
RM_IAC_SERVICE_HOST,,,
RM_IAC_SERVICE_PORT,,,
RAS_PARTY_SERVICE_PROTOCOL,,,
RAS_PARTY_SERVICE_HOST,,,
RAS_PARTY_SERVICE_PORT,,,
RM_COLLECTION_EXERCISE_SERVICE_PROTOCOL,,,
RM_COLLECTION_EXERCISE_SERVICE_HOST,,,
RM_COLLECTION_EXERCISE_SERVICE_PORT,,,
RM_SURVEY_SERVICE_PROTOCOL,,,
RM_SURVEY_SERVICE_HOST,,,
RM_SURVEY_SERVICE_PORT,,,
RAS_SECURE_MESSAGE_SERVICE_PROTOCOL,,,
RAS_SECURE_MESSAGE_SERVICE_HOST,,,
RAS_SECURE_MESSAGE_SERVICE_PORT,,,
ONS_OAUTH_SERVICE_PROTOCOL,,,
ONS_OAUTH_SERVICE_HOST,,,
ONS_OAUTH_SERVICE_PORT,,,
